SampleID	Mouse_ID	Mouse_Num	Day	TimePoint	Hormone	Antibiotics	Group_full	Benchworker	Primer_Plate	Primer_Well	Primer_ID	Name	BarcodeSequence	16S_LinkerPrimerSequence	Description	Study
HEB24001	M601	601	D3	Intervention	PGH	Non_ABX	PGH_Non_ABX	Emily	1	1A	1_1A	806rcbc0	TCCCTTGTCTCC	CCGGACTACHVGGGTWTCTAAT	ATGCTGCGTTCTTCATCGATGC	HEB114_Mouse
HEB24002	M602	602	D3	Intervention	PGH	Non_ABX	PGH_Non_ABX	Emily	1	1B	1_1B	806rcbc12	TGCATACACTGG	CCGGACTACHVGGGTWTCTAAT	ATGCTGCGTTCTTCATCGATGC	HEB114_Mouse
HEB24003	M603	603	D3	Intervention	PGH	Non_ABX	PGH_Non_ABX	Emily	1	1C	1_1C	806rcbc24	GCGATATATCGC	CCGGACTACHVGGGTWTCTAAT	ATGCTGCGTTCTTCATCGATGC	HEB114_Mouse
HEB24004	M604	604	D3	Intervention	PGH	Non_ABX	PGH_Non_ABX	Emily	1	1D	1_1D	806rcbc36	CACTACGCTAGA	CCGGACTACHVGGGTWTCTAAT	ATGCTGCGTTCTTCATCGATGC	HEB114_Mouse
HEB24005	M605	605	D3	Intervention	PGH	Non_ABX	PGH_Non_ABX	Emily	1	1E	1_1E	806rcbc48	TACTACGTGGCC	CCGGACTACHVGGGTWTCTAAT	ATGCTGCGTTCTTCATCGATGC	HEB114_Mouse
HEB24006	M606	606	D3	Intervention	PGH	Non_ABX	PGH_Non_ABX	Emily	1	1F	1_1F	806rcbc60	CGGTCAATTGAC	CCGGACTACHVGGGTWTCTAAT	ATGCTGCGTTCTTCATCGATGC	HEB114_Mouse
HEB24007	M701	701	D3	Intervention	PL	Non_ABX	PL_Non_ABX	Emily	1	1G	1_1G	806rcbc72	GGTGACTAGTTC	CCGGACTACHVGGGTWTCTAAT	ATGCTGCGTTCTTCATCGATGC	HEB114_Mouse
HEB24008	M702	702	D3	Intervention	PL	Non_ABX	PL_Non_ABX	Emily	1	1H	1_1H	806rcbc84	CGTAAGATGCCT	CCGGACTACHVGGGTWTCTAAT	ATGCTGCGTTCTTCATCGATGC	HEB114_Mouse
HEB24009	M514	514	D-3	Baseline	Saline	ABX	Saline_ABX	Zan	1	2A	1_2A	806rcbc1	ACGAGACTGATT	CCGGACTACHVGGGTWTCTAAT	ATGCTGCGTTCTTCATCGATGC	HEB114_Mouse
HEB24010	M702	702	D0	Intervention	PL	Non_ABX	PL_Non_ABX	Zan	1	2B	1_2B	806rcbc13	AGTCGAACGAGG	CCGGACTACHVGGGTWTCTAAT	ATGCTGCGTTCTTCATCGATGC	HEB114_Mouse
HEB24011	M611	611	D-5	Pre_ABX_Baseline	PGH	ABX	PGH_ABX	Zan	1	2C	1_2C	806rcbc25	CGAGCAATCCTA	CCGGACTACHVGGGTWTCTAAT	ATGCTGCGTTCTTCATCGATGC	HEB114_Mouse
HEB24012	M513	513	D-3	Baseline	Saline	ABX	Saline_ABX	Zan	1	2D	1_2D	806rcbc37	TGCAGTCCTCGA	CCGGACTACHVGGGTWTCTAAT	ATGCTGCGTTCTTCATCGATGC	HEB114_Mouse
HEB24013	M613	613	D0	Intervention	PGH	ABX	PGH_ABX	Zan	1	2E	1_2E	806rcbc49	GGCCAGTTCCTA	CCGGACTACHVGGGTWTCTAAT	ATGCTGCGTTCTTCATCGATGC	HEB114_Mouse
HEB24014	M714	714	D-5	Pre_ABX_Baseline	PL	ABX	PL_ABX	Zan	1	2F	1_2F	806rcbc61	GTGGAGTCTCAT	CCGGACTACHVGGGTWTCTAAT	ATGCTGCGTTCTTCATCGATGC	HEB114_Mouse
HEB24015	M715	715	D-3	Baseline	PL	ABX	PL_ABX	Zan	3	6A	3_6A	806rcbc197	ATTCGGTAGTGC	CCGGACTACHVGGGTWTCTAAT	ATGCTGCGTTCTTCATCGATGC	HEB114_Mouse
HEB24016	M602	602	D0	Intervention	PGH	Non_ABX	PGH_Non_ABX	Zan	1	2H	1_2H	806rcbc85	GCGTTCTAGCTG	CCGGACTACHVGGGTWTCTAAT	ATGCTGCGTTCTTCATCGATGC	HEB114_Mouse
HEB24017	M702	702	D-3	Baseline	PL	Non_ABX	PL_Non_ABX	Eric	1	3A	1_3A	806rcbc2	GCTGTACGGATT	CCGGACTACHVGGGTWTCTAAT	ATGCTGCGTTCTTCATCGATGC	HEB114_Mouse
HEB24018	M715	715	D0	Intervention	PL	ABX	PL_ABX	Eric	1	3B	1_3B	806rcbc14	ACCAGTGACTCA	CCGGACTACHVGGGTWTCTAAT	ATGCTGCGTTCTTCATCGATGC	HEB114_Mouse
HEB24019	M614	614	D0	Intervention	PGH	ABX	PGH_ABX	Eric	3	6B	3_6B	806rcbc209	TGTGGCTCGTGT	CCGGACTACHVGGGTWTCTAAT	ATGCTGCGTTCTTCATCGATGC	HEB114_Mouse
HEB24020	M501	501	D0	Intervention	Saline	Non_ABX	Saline_Non_ABX	Eric	1	3D	1_3D	806rcbc38	ACCATAGCTCCG	CCGGACTACHVGGGTWTCTAAT	ATGCTGCGTTCTTCATCGATGC	HEB114_Mouse
HEB24021	M713	713	D-5	Pre_ABX_Baseline	PL	ABX	PL_ABX	Eric	1	3E	1_3E	806rcbc50	GATGTTCGCTAG	CCGGACTACHVGGGTWTCTAAT	ATGCTGCGTTCTTCATCGATGC	HEB114_Mouse
HEB24022	M716	716	D-3	Baseline	PL	ABX	PL_ABX	Eric	1	3F	1_3F	806rcbc62	GCTCGAAGATTC	CCGGACTACHVGGGTWTCTAAT	ATGCTGCGTTCTTCATCGATGC	HEB114_Mouse
HEB24023	M604	604	D-3	Baseline	PGH	Non_ABX	PGH_Non_ABX	Eric	1	3G	1_3G	806rcbc74	TAGGCATGCTTG	CCGGACTACHVGGGTWTCTAAT	ATGCTGCGTTCTTCATCGATGC	HEB114_Mouse
HEB24024	M615	615	D0	Intervention	PGH	ABX	PGH_ABX	Eric	1	3H	1_3H	806rcbc86	GTTGTTCTGGGA	CCGGACTACHVGGGTWTCTAAT	ATGCTGCGTTCTTCATCGATGC	HEB114_Mouse
HEB24025	M602	602	D-3	Baseline	PGH	Non_ABX	PGH_Non_ABX	Emily	1	4A	1_4A	806rcbc3	ATCACCAGGTGT	CCGGACTACHVGGGTWTCTAAT	ATGCTGCGTTCTTCATCGATGC	HEB114_Mouse
HEB24026	M613	613	D-3	Baseline	PGH	ABX	PGH_ABX	Emily	1	4B	1_4B	806rcbc15	GAATACCAAGTC	CCGGACTACHVGGGTWTCTAAT	ATGCTGCGTTCTTCATCGATGC	HEB114_Mouse
HEB24027	M501	501	D3	Intervention	Saline	Non_ABX	Saline_Non_ABX	Emily	1	4C	1_4C	806rcbc27	GTATCTGCGCGT	CCGGACTACHVGGGTWTCTAAT	ATGCTGCGTTCTTCATCGATGC	HEB114_Mouse
HEB24028	M502	502	D3	Intervention	Saline	Non_ABX	Saline_Non_ABX	Emily	1	4D	1_4D	806rcbc39	TCGACATCTCTT	CCGGACTACHVGGGTWTCTAAT	ATGCTGCGTTCTTCATCGATGC	HEB114_Mouse
HEB24029	M503	503	D3	Intervention	Saline	Non_ABX	Saline_Non_ABX	Emily	1	4E	1_4E	806rcbc51	CTATCTCCTGTC	CCGGACTACHVGGGTWTCTAAT	ATGCTGCGTTCTTCATCGATGC	HEB114_Mouse
HEB24030	M504	504	D3	Intervention	Saline	Non_ABX	Saline_Non_ABX	Emily	1	4F	1_4F	806rcbc63	AGGCTTACGTGT	CCGGACTACHVGGGTWTCTAAT	ATGCTGCGTTCTTCATCGATGC	HEB114_Mouse
HEB24031	M505	505	D3	Intervention	Saline	Non_ABX	Saline_Non_ABX	Emily	1	4G	1_4G	806rcbc75	AACTAGTTCAGG	CCGGACTACHVGGGTWTCTAAT	ATGCTGCGTTCTTCATCGATGC	HEB114_Mouse
HEB24032	M506	506	D3	Intervention	Saline	Non_ABX	Saline_Non_ABX	Emily	3	6C	3_6C	806rcbc221	CAACGTGCTCCA	CCGGACTACHVGGGTWTCTAAT	ATGCTGCGTTCTTCATCGATGC	HEB114_Mouse
HEB24033	M503	503	D0	Intervention	Saline	Non_ABX	Saline_Non_ABX	Michelle	1	5A	1_5A	806rcbc4	TGGTCAACGATA	CCGGACTACHVGGGTWTCTAAT	ATGCTGCGTTCTTCATCGATGC	HEB114_Mouse
HEB24034	M601	601	D0	Intervention	PGH	Non_ABX	PGH_Non_ABX	Michelle	1	5B	1_5B	806rcbc16	GTAGATCGTGTA	CCGGACTACHVGGGTWTCTAAT	ATGCTGCGTTCTTCATCGATGC	HEB114_Mouse
HEB24035	M515	515	D-3	Baseline	Saline	ABX	Saline_ABX	Michelle	3	6D	3_6D	806rcbc233	AGCGTAATTAGC	CCGGACTACHVGGGTWTCTAAT	ATGCTGCGTTCTTCATCGATGC	HEB114_Mouse
HEB24036	M616	616	D0	Intervention	PGH	ABX	PGH_ABX	Michelle	1	5D	1_5D	806rcbc40	GAACACTTTGGA	CCGGACTACHVGGGTWTCTAAT	ATGCTGCGTTCTTCATCGATGC	HEB114_Mouse
HEB24037	M605	605	D-3	Baseline	PGH	Non_ABX	PGH_Non_ABX	Michelle	1	5E	1_5E	806rcbc52	ACTCACAGGAAT	CCGGACTACHVGGGTWTCTAAT	ATGCTGCGTTCTTCATCGATGC	HEB114_Mouse
HEB24038	M511	511	D-5	Pre_ABX_Baseline	Saline	ABX	Saline_ABX	Michelle	1	5F	1_5F	806rcbc64	TCTCTACCACTC	CCGGACTACHVGGGTWTCTAAT	ATGCTGCGTTCTTCATCGATGC	HEB114_Mouse
HEB24039	M711	711	D0	Intervention	PL	ABX	PL_ABX	Michelle	1	5G	1_5G	806rcbc76	ATTCTGCCGAAG	CCGGACTACHVGGGTWTCTAAT	ATGCTGCGTTCTTCATCGATGC	HEB114_Mouse
HEB24040	M704	704	D-3	Baseline	PL	Non_ABX	PL_Non_ABX	Michelle	1	5H	1_5H	806rcbc88	CTCACAACCGTG	CCGGACTACHVGGGTWTCTAAT	ATGCTGCGTTCTTCATCGATGC	HEB114_Mouse
HEB24041	M501	501	D-3	Baseline	Saline	Non_ABX	Saline_Non_ABX	Ludo	3	6E	3_6E	806rcbc245	TATCACCGGCAC	CCGGACTACHVGGGTWTCTAAT	ATGCTGCGTTCTTCATCGATGC	HEB114_Mouse
HEB24042	M701	701	D-3	Baseline	PL	Non_ABX	PL_Non_ABX	Ludo	1	6B	1_6B	806rcbc17	TAACGTGTGTGC	CCGGACTACHVGGGTWTCTAAT	ATGCTGCGTTCTTCATCGATGC	HEB114_Mouse
HEB24043	M716	716	D-5	Pre_ABX_Baseline	PL	ABX	PL_ABX	Ludo	1	6C	1_6C	806rcbc29	CAAATTCGGGAT	CCGGACTACHVGGGTWTCTAAT	ATGCTGCGTTCTTCATCGATGC	HEB114_Mouse
HEB24044	M603	603	D-3	Baseline	PGH	Non_ABX	PGH_Non_ABX	Ludo	1	6D	1_6D	806rcbc41	GAGCCATCTGTA	CCGGACTACHVGGGTWTCTAAT	ATGCTGCGTTCTTCATCGATGC	HEB114_Mouse
HEB24045	M504	504	D-3	Baseline	Saline	Non_ABX	Saline_Non_ABX	Ludo	1	6E	1_6E	806rcbc53	ATGATGAGCCTC	CCGGACTACHVGGGTWTCTAAT	ATGCTGCGTTCTTCATCGATGC	HEB114_Mouse
HEB24046	M513	513	D0	Intervention	Saline	ABX	Saline_ABX	Ludo	3	6F	3_6F	806rcbc257	CCAGATATAGCA	CCGGACTACHVGGGTWTCTAAT	ATGCTGCGTTCTTCATCGATGC	HEB114_Mouse
HEB24047	M612	612	D-3	Baseline	PGH	ABX	PGH_ABX	Ludo	1	6G	1_6G	806rcbc77	AGCATGTCCCGT	CCGGACTACHVGGGTWTCTAAT	ATGCTGCGTTCTTCATCGATGC	HEB114_Mouse
HEB24048	M713	713	D0	Intervention	PL	ABX	PL_ABX	Ludo	3	6G	3_6G	806rcbc269	ATGGGCGAATGG	CCGGACTACHVGGGTWTCTAAT	ATGCTGCGTTCTTCATCGATGC	HEB114_Mouse
HEB24049	M711	711	D3	Intervention	PL	ABX	PL_ABX	Grace	2	1A	2_1A	806rcbc96	TACCGCTTCTTC	CCGGACTACHVGGGTWTCTAAT	ATGCTGCGTTCTTCATCGATGC	HEB114_Mouse
HEB24050	M712	712	D3	Intervention	PL	ABX	PL_ABX	Grace	2	1B	2_1B	806rcbc108	GCACACCTGATA	CCGGACTACHVGGGTWTCTAAT	ATGCTGCGTTCTTCATCGATGC	HEB114_Mouse
HEB24051	M713	713	D3	Intervention	PL	ABX	PL_ABX	Grace	2	1C	2_1C	806rcbc120	AGTAGCGGAAGA	CCGGACTACHVGGGTWTCTAAT	ATGCTGCGTTCTTCATCGATGC	HEB114_Mouse
HEB24052	M714	714	D3	Intervention	PL	ABX	PL_ABX	Grace	2	1D	2_1D	806rcbc132	TCCTCGAGCGAT	CCGGACTACHVGGGTWTCTAAT	ATGCTGCGTTCTTCATCGATGC	HEB114_Mouse
HEB24053	M715	715	D3	Intervention	PL	ABX	PL_ABX	Grace	2	1E	2_1E	806rcbc144	TTAGAGCCATGC	CCGGACTACHVGGGTWTCTAAT	ATGCTGCGTTCTTCATCGATGC	HEB114_Mouse
HEB24054	M716	716	D3	Intervention	PL	ABX	PL_ABX	Grace	2	1F	2_1F	806rcbc156	TCGTGCGTGTTG	CCGGACTACHVGGGTWTCTAAT	ATGCTGCGTTCTTCATCGATGC	HEB114_Mouse
HEB24055	M501	501	D5	Intervention	Saline	Non_ABX	Saline_Non_ABX	Grace	2	1G	2_1G	806rcbc168	TTAAGACAGTCG	CCGGACTACHVGGGTWTCTAAT	ATGCTGCGTTCTTCATCGATGC	HEB114_Mouse
HEB24056	M502	502	D5	Intervention	Saline	Non_ABX	Saline_Non_ABX	Grace	2	1H	2_1H	806rcbc180	GTGCAACCAATC	CCGGACTACHVGGGTWTCTAAT	ATGCTGCGTTCTTCATCGATGC	HEB114_Mouse
HEB24057	M505	505	D-3	Baseline	Saline	Non_ABX	Saline_Non_ABX	Maya	2	2A	2_2A	806rcbc97	TGTGCGATAACA	CCGGACTACHVGGGTWTCTAAT	ATGCTGCGTTCTTCATCGATGC	HEB114_Mouse
HEB24058	M706	706	D-3	Baseline	PL	Non_ABX	PL_Non_ABX	Maya	2	2B	2_2B	806rcbc109	GCGACAATTACA	CCGGACTACHVGGGTWTCTAAT	ATGCTGCGTTCTTCATCGATGC	HEB114_Mouse
HEB24059	M603	603	D0	Intervention	PGH	Non_ABX	PGH_Non_ABX	Maya	2	2C	2_2C	806rcbc121	GCAATTAGGTAC	CCGGACTACHVGGGTWTCTAAT	ATGCTGCGTTCTTCATCGATGC	HEB114_Mouse
HEB24060	M616	616	D-5	Pre_ABX_Baseline	PGH	ABX	PGH_ABX	Maya	2	2D	2_2D	806rcbc133	ACCCAAGCGTTA	CCGGACTACHVGGGTWTCTAAT	ATGCTGCGTTCTTCATCGATGC	HEB114_Mouse
HEB24061	M512	512	D-5	Pre_ABX_Baseline	Saline	ABX	Saline_ABX	Maya	6	6G	6_6G	806rcbc557	CGGCAAACACTT	CCGGACTACHVGGGTWTCTAAT	ATGCTGCGTTCTTCATCGATGC	HEB114_Mouse
HEB24062	M712	712	D0	Intervention	PL	ABX	PL_ABX	Maya	2	2F	2_2F	806rcbc157	GTTATCGCATGG	CCGGACTACHVGGGTWTCTAAT	ATGCTGCGTTCTTCATCGATGC	HEB114_Mouse
HEB24063	M611	611	D-3	Baseline	PGH	ABX	PGH_ABX	Maya	2	2G	2_2G	806rcbc169	TCTGCACTGAGC	CCGGACTACHVGGGTWTCTAAT	ATGCTGCGTTCTTCATCGATGC	HEB114_Mouse
HEB24064	M516	516	D0	Intervention	Saline	ABX	Saline_ABX	Maya	2	2H	2_2H	806rcbc181	GCTTGAGCTTGA	CCGGACTACHVGGGTWTCTAAT	ATGCTGCGTTCTTCATCGATGC	HEB114_Mouse
HEB24065	M703	703	D0	Intervention	PL	Non_ABX	PL_Non_ABX	Noor	3	7A	3_7A	806rcbc198	CGAGCTGTTACC	CCGGACTACHVGGGTWTCTAAT	ATGCTGCGTTCTTCATCGATGC	HEB114_Mouse
HEB24066	M613	613	D-5	Pre_ABX_Baseline	PGH	ABX	PGH_ABX	Noor	2	3B	2_3B	806rcbc110	TCATGCTCCATT	CCGGACTACHVGGGTWTCTAAT	ATGCTGCGTTCTTCATCGATGC	HEB114_Mouse
HEB24067	M706	706	D0	Intervention	PL	Non_ABX	PL_Non_ABX	Noor	2	3C	2_3C	806rcbc122	CATACCGTGAGT	CCGGACTACHVGGGTWTCTAAT	ATGCTGCGTTCTTCATCGATGC	HEB114_Mouse
HEB24068	M506	506	D-3	Baseline	Saline	Non_ABX	Saline_Non_ABX	Noor	2	3D	2_3D	806rcbc134	TGCAGCAAGATT	CCGGACTACHVGGGTWTCTAAT	ATGCTGCGTTCTTCATCGATGC	HEB114_Mouse
HEB24069	M715	715	D-5	Pre_ABX_Baseline	PL	ABX	PL_ABX	Noor	2	3E	2_3E	806rcbc146	AGAGTCTTGCCA	CCGGACTACHVGGGTWTCTAAT	ATGCTGCGTTCTTCATCGATGC	HEB114_Mouse
HEB24070	M516	516	D-5	Pre_ABX_Baseline	Saline	ABX	Saline_ABX	Noor	2	3F	2_3F	806rcbc158	GATCACGAGAGG	CCGGACTACHVGGGTWTCTAAT	ATGCTGCGTTCTTCATCGATGC	HEB114_Mouse
HEB24071	M505	505	D0	Intervention	Saline	Non_ABX	Saline_Non_ABX	Noor	3	7B	3_7B	806rcbc210	AACTTTCAGGAG	CCGGACTACHVGGGTWTCTAAT	ATGCTGCGTTCTTCATCGATGC	HEB114_Mouse
HEB24072	M511	511	D0	Intervention	Saline	ABX	Saline_ABX	Noor	2	3H	2_3H	806rcbc182	CGCTGTGGATTA	CCGGACTACHVGGGTWTCTAAT	ATGCTGCGTTCTTCATCGATGC	HEB114_Mouse
HEB24073	M515	515	D3	Intervention	Saline	ABX	Saline_ABX	Grace	2	5A	2_5A	806rcbc100	GATGTATGTGGT	CCGGACTACHVGGGTWTCTAAT	ATGCTGCGTTCTTCATCGATGC	HEB114_Mouse
HEB24074	M516	516	D3	Intervention	Saline	ABX	Saline_ABX	Grace	2	5B	2_5B	806rcbc112	GAGAGCAACAGA	CCGGACTACHVGGGTWTCTAAT	ATGCTGCGTTCTTCATCGATGC	HEB114_Mouse
HEB24075	M611	611	D3	Intervention	PGH	ABX	PGH_ABX	Grace	2	5C	2_5C	806rcbc124	CCTGCGAAGTAT	CCGGACTACHVGGGTWTCTAAT	ATGCTGCGTTCTTCATCGATGC	HEB114_Mouse
HEB24076	M612	612	D3	Intervention	PGH	ABX	PGH_ABX	Grace	2	5D	2_5D	806rcbc136	GATGTGGTGTTA	CCGGACTACHVGGGTWTCTAAT	ATGCTGCGTTCTTCATCGATGC	HEB114_Mouse
HEB24077	M613	613	D3	Intervention	PGH	ABX	PGH_ABX	Grace	2	5E	2_5E	806rcbc148	CGATGCTGTTGA	CCGGACTACHVGGGTWTCTAAT	ATGCTGCGTTCTTCATCGATGC	HEB114_Mouse
HEB24078	M614	614	D3	Intervention	PGH	ABX	PGH_ABX	Grace	2	5F	2_5F	806rcbc160	AGTGTTTCGGAC	CCGGACTACHVGGGTWTCTAAT	ATGCTGCGTTCTTCATCGATGC	HEB114_Mouse
HEB24079	M615	615	D3	Intervention	PGH	ABX	PGH_ABX	Grace	2	5G	2_5G	806rcbc172	CACTGGTGCATA	CCGGACTACHVGGGTWTCTAAT	ATGCTGCGTTCTTCATCGATGC	HEB114_Mouse
HEB24080	M616	616	D3	Intervention	PGH	ABX	PGH_ABX	Grace	2	5H	2_5H	806rcbc184	ACGATTCGAGTC	CCGGACTACHVGGGTWTCTAAT	ATGCTGCGTTCTTCATCGATGC	HEB114_Mouse
HEB24081	M604	604	D0	Intervention	PGH	Non_ABX	PGH_Non_ABX	Hajar	2	6A	2_6A	806rcbc101	ACTCCTTGTGTT	CCGGACTACHVGGGTWTCTAAT	ATGCTGCGTTCTTCATCGATGC	HEB114_Mouse
HEB24082	M512	512	D-3	Baseline	Saline	ABX	Saline_ABX	Hajar	2	6B	2_6B	806rcbc113	TACTCGGGAACT	CCGGACTACHVGGGTWTCTAAT	ATGCTGCGTTCTTCATCGATGC	HEB114_Mouse
HEB24083	M711	711	D-3	Baseline	PL	ABX	PL_ABX	Hajar	2	6C	2_6C	806rcbc125	TTCTCTCGACAT	CCGGACTACHVGGGTWTCTAAT	ATGCTGCGTTCTTCATCGATGC	HEB114_Mouse
HEB24084	M502	502	D0	Intervention	Saline	Non_ABX	Saline_Non_ABX	Hajar	3	7C	3_7C	806rcbc222	TACACAAGTCGC	CCGGACTACHVGGGTWTCTAAT	ATGCTGCGTTCTTCATCGATGC	HEB114_Mouse
HEB24085	M615	615	D-5	Pre_ABX_Baseline	PGH	ABX	PGH_ABX	Hajar	2	6E	2_6E	806rcbc149	ACGACTGCATAA	CCGGACTACHVGGGTWTCTAAT	ATGCTGCGTTCTTCATCGATGC	HEB114_Mouse
HEB24086	M713	713	D-3	Baseline	PL	ABX	PL_ABX	Hajar	2	6F	2_6F	806rcbc161	ACACGCGGTTTA	CCGGACTACHVGGGTWTCTAAT	ATGCTGCGTTCTTCATCGATGC	HEB114_Mouse
HEB24087	M515	515	D-5	Pre_ABX_Baseline	Saline	ABX	Saline_ABX	Hajar	2	6G	2_6G	806rcbc173	AACGTAGGCTCT	CCGGACTACHVGGGTWTCTAAT	ATGCTGCGTTCTTCATCGATGC	HEB114_Mouse
HEB24088	M703	703	D-3	Baseline	PL	Non_ABX	PL_Non_ABX	Hajar	3	7D	3_7D	806rcbc234	CTCGTGAATGAC	CCGGACTACHVGGGTWTCTAAT	ATGCTGCGTTCTTCATCGATGC	HEB114_Mouse
HEB24089	M502	502	D-3	Baseline	Saline	Non_ABX	Saline_Non_ABX	Ellie	2	7A	2_7A	806rcbc102	GTCACGGACATT	CCGGACTACHVGGGTWTCTAAT	ATGCTGCGTTCTTCATCGATGC	HEB114_Mouse
HEB24090	M705	705	D-3	Baseline	PL	Non_ABX	PL_Non_ABX	Ellie	2	7B	2_7B	806rcbc114	CGTGCTTAGGCT	CCGGACTACHVGGGTWTCTAAT	ATGCTGCGTTCTTCATCGATGC	HEB114_Mouse
HEB24091	M514	514	D0	Intervention	Saline	ABX	Saline_ABX	Ellie	2	7C	2_7C	806rcbc126	GCTCTCCGTAGA	CCGGACTACHVGGGTWTCTAAT	ATGCTGCGTTCTTCATCGATGC	HEB114_Mouse
HEB24092	M616	616	D-3	Baseline	PGH	ABX	PGH_ABX	Ellie	2	7D	2_7D	806rcbc138	GTAGAGGTAGAG	CCGGACTACHVGGGTWTCTAAT	ATGCTGCGTTCTTCATCGATGC	HEB114_Mouse
HEB24093	M506	506	D0	Intervention	Saline	Non_ABX	Saline_Non_ABX	Ellie	2	7E	2_7E	806rcbc150	ACGCGAACTAAT	CCGGACTACHVGGGTWTCTAAT	ATGCTGCGTTCTTCATCGATGC	HEB114_Mouse
HEB24094	M712	712	D-5	Pre_ABX_Baseline	PL	ABX	PL_ABX	Ellie	2	7F	2_7F	806rcbc162	TGGCAAATCTAG	CCGGACTACHVGGGTWTCTAAT	ATGCTGCGTTCTTCATCGATGC	HEB114_Mouse
HEB24095	M714	714	D0	Intervention	PL	ABX	PL_ABX	Ellie	2	7G	2_7G	806rcbc174	AGTTGTAGTCCG	CCGGACTACHVGGGTWTCTAAT	ATGCTGCGTTCTTCATCGATGC	HEB114_Mouse
HEB24096	M614	614	D-5	Pre_ABX_Baseline	PGH	ABX	PGH_ABX	Ellie	2	7H	2_7H	806rcbc186	CTGATCCATCTT	CCGGACTACHVGGGTWTCTAAT	ATGCTGCGTTCTTCATCGATGC	HEB114_Mouse
HEB24097	M703	703	D3	Intervention	PL	Non_ABX	PL_Non_ABX	Grace	3	7E	3_7E	806rcbc246	TATGCCAGAGAT	CCGGACTACHVGGGTWTCTAAT	ATGCTGCGTTCTTCATCGATGC	HEB114_Mouse
HEB24098	M704	704	D3	Intervention	PL	Non_ABX	PL_Non_ABX	Grace	3	7F	3_7F	806rcbc258	GAGAGTCCACTT	CCGGACTACHVGGGTWTCTAAT	ATGCTGCGTTCTTCATCGATGC	HEB114_Mouse
HEB24099	M705	705	D3	Intervention	PL	Non_ABX	PL_Non_ABX	Grace	6	6H	6_6H	806rcbc569	CTCGGATAGATC	CCGGACTACHVGGGTWTCTAAT	ATGCTGCGTTCTTCATCGATGC	HEB114_Mouse
HEB24100	M706	706	D3	Intervention	PL	Non_ABX	PL_Non_ABX	Grace	3	7H	3_7H	806rcbc282	GTAGGTGCTTAC	CCGGACTACHVGGGTWTCTAAT	ATGCTGCGTTCTTCATCGATGC	HEB114_Mouse
HEB24101	M511	511	D3	Intervention	Saline	ABX	Saline_ABX	Grace	3	8A	3_8A	806rcbc199	CAACACATGCTG	CCGGACTACHVGGGTWTCTAAT	ATGCTGCGTTCTTCATCGATGC	HEB114_Mouse
HEB24102	M512	512	D3	Intervention	Saline	ABX	Saline_ABX	Grace	3	8B	3_8B	806rcbc211	TGCACGTGATAA	CCGGACTACHVGGGTWTCTAAT	ATGCTGCGTTCTTCATCGATGC	HEB114_Mouse
HEB24103	M513	513	D3	Intervention	Saline	ABX	Saline_ABX	Grace	6	8A	6_8A	806rcbc487	TTGGCGGGTTAT	CCGGACTACHVGGGTWTCTAAT	ATGCTGCGTTCTTCATCGATGC	HEB114_Mouse
HEB24104	M514	514	D3	Intervention	Saline	ABX	Saline_ABX	Grace	3	8D	3_8D	806rcbc235	AGGTGAGTTCTA	CCGGACTACHVGGGTWTCTAAT	ATGCTGCGTTCTTCATCGATGC	HEB114_Mouse
HEB24105	M504	504	D0	Intervention	Saline	Non_ABX	Saline_Non_ABX	Collin	3	8E	3_8E	806rcbc247	AGGTCCAAATCA	CCGGACTACHVGGGTWTCTAAT	ATGCTGCGTTCTTCATCGATGC	HEB114_Mouse
HEB24106	M601	601	D-3	Baseline	PGH	Non_ABX	PGH_Non_ABX	Collin	2	9B	2_9B	806rcbc116	CACTCATCATTC	CCGGACTACHVGGGTWTCTAAT	ATGCTGCGTTCTTCATCGATGC	HEB114_Mouse
HEB24107	M711	711	D-5	Pre_ABX_Baseline	PL	ABX	PL_ABX	Collin	2	9C	2_9C	806rcbc128	ATGCCATGCCGT	CCGGACTACHVGGGTWTCTAAT	ATGCTGCGTTCTTCATCGATGC	HEB114_Mouse
HEB24108	M615	615	D-3	Baseline	PGH	ABX	PGH_ABX	Collin	2	9D	2_9D	806rcbc140	GGTTATTTGGCG	CCGGACTACHVGGGTWTCTAAT	ATGCTGCGTTCTTCATCGATGC	HEB114_Mouse
HEB24109	M513	513	D-5	Pre_ABX_Baseline	Saline	ABX	Saline_ABX	Collin	3	8F	3_8F	806rcbc259	GAACGGGACGTA	CCGGACTACHVGGGTWTCTAAT	ATGCTGCGTTCTTCATCGATGC	HEB114_Mouse
HEB24110	M605	605	D0	Intervention	PGH	Non_ABX	PGH_Non_ABX	Collin	2	9F	2_9F	806rcbc164	TTAACCTTCCTG	CCGGACTACHVGGGTWTCTAAT	ATGCTGCGTTCTTCATCGATGC	HEB114_Mouse
HEB24111	M701	701	D0	Intervention	PL	Non_ABX	PL_Non_ABX	Collin	2	9G	2_9G	806rcbc176	TAATCGGTGCCA	CCGGACTACHVGGGTWTCTAAT	ATGCTGCGTTCTTCATCGATGC	HEB114_Mouse
HEB24112	M716	716	D0	Intervention	PL	ABX	PL_ABX	Collin	2	9H	2_9H	806rcbc188	TGGTCGCATCGT	CCGGACTACHVGGGTWTCTAAT	ATGCTGCGTTCTTCATCGATGC	HEB114_Mouse
HEB24113	M606	606	D0	Intervention	PGH	Non_ABX	PGH_Non_ABX	Chloe	2	10A	2_10A	806rcbc105	ACTTGGTGTAAG	CCGGACTACHVGGGTWTCTAAT	ATGCTGCGTTCTTCATCGATGC	HEB114_Mouse
HEB24114	M516	516	D-3	Baseline	Saline	ABX	Saline_ABX	Chloe	2	10B	2_10B	806rcbc117	GTATTTCGGACG	CCGGACTACHVGGGTWTCTAAT	ATGCTGCGTTCTTCATCGATGC	HEB114_Mouse
HEB24115	M512	512	D0	Intervention	Saline	ABX	Saline_ABX	Chloe	2	10C	2_10C	806rcbc129	GACATTGTCACG	CCGGACTACHVGGGTWTCTAAT	ATGCTGCGTTCTTCATCGATGC	HEB114_Mouse
HEB24116	M612	612	D0	Intervention	PGH	ABX	PGH_ABX	Chloe	2	10D	2_10D	806rcbc141	GGATCGTAATAC	CCGGACTACHVGGGTWTCTAAT	ATGCTGCGTTCTTCATCGATGC	HEB114_Mouse
HEB24117	M511	511	D-3	Baseline	Saline	ABX	Saline_ABX	Chloe	3	8G	3_8G	806rcbc271	CATCATACGGGT	CCGGACTACHVGGGTWTCTAAT	ATGCTGCGTTCTTCATCGATGC	HEB114_Mouse
HEB24118	M611	611	D0	Intervention	PGH	ABX	PGH_ABX	Chloe	2	10F	2_10F	806rcbc165	TGCCGTATGCCA	CCGGACTACHVGGGTWTCTAAT	ATGCTGCGTTCTTCATCGATGC	HEB114_Mouse
HEB24119	M614	614	D-3	Baseline	PGH	ABX	PGH_ABX	Chloe	2	10G	2_10G	806rcbc177	TTGATCCGGTAG	CCGGACTACHVGGGTWTCTAAT	ATGCTGCGTTCTTCATCGATGC	HEB114_Mouse
HEB24120	M705	705	D0	Intervention	PL	Non_ABX	PL_Non_ABX	Chloe	2	10H	2_10H	806rcbc189	TGTAAGACTTGG	CCGGACTACHVGGGTWTCTAAT	ATGCTGCGTTCTTCATCGATGC	HEB114_Mouse
HEB24121	M514	514	D-5	Pre_ABX_Baseline	Saline	ABX	Saline_ABX	John	6	8B	6_8B	806rcbc499	CAAACCTATGGC	CCGGACTACHVGGGTWTCTAAT	ATGCTGCGTTCTTCATCGATGC	HEB114_Mouse
HEB24122	M606	606	D-3	Baseline	PGH	Non_ABX	PGH_Non_ABX	John	3	9A	3_9A	806rcbc200	ATTCTCTCACGT	CCGGACTACHVGGGTWTCTAAT	ATGCTGCGTTCTTCATCGATGC	HEB114_Mouse
HEB24123	M704	704	D0	Intervention	PL	Non_ABX	PL_Non_ABX	John	3	9B	3_9B	806rcbc212	GTTCGGTGTCCA	CCGGACTACHVGGGTWTCTAAT	ATGCTGCGTTCTTCATCGATGC	HEB114_Mouse
HEB24124	M714	714	D-3	Baseline	PL	ABX	PL_ABX	John	3	9C	3_9C	806rcbc224	GTAATGCGTAAC	CCGGACTACHVGGGTWTCTAAT	ATGCTGCGTTCTTCATCGATGC	HEB114_Mouse
HEB24125	M612	612	D-5	Pre_ABX_Baseline	PGH	ABX	PGH_ABX	John	3	9D	3_9D	806rcbc236	CCTGTCCTATCT	CCGGACTACHVGGGTWTCTAAT	ATGCTGCGTTCTTCATCGATGC	HEB114_Mouse
HEB24126	M712	712	D-3	Baseline	PL	ABX	PL_ABX	John	6	9A	6_9A	806rcbc488	CACGATGGTCAT	CCGGACTACHVGGGTWTCTAAT	ATGCTGCGTTCTTCATCGATGC	HEB114_Mouse
HEB24127	M503	503	D-3	Baseline	Saline	Non_ABX	Saline_Non_ABX	John	3	9F	3_9F	806rcbc260	ACGTGTAGGCTT	CCGGACTACHVGGGTWTCTAAT	ATGCTGCGTTCTTCATCGATGC	HEB114_Mouse
HEB24128	M515	515	D0	Intervention	Saline	ABX	Saline_ABX	John	3	9G	3_9G	806rcbc272	TACGGATTATGG	CCGGACTACHVGGGTWTCTAAT	ATGCTGCGTTCTTCATCGATGC	HEB114_Mouse
HEB24129	M503	503	D5	Intervention	Saline	Non_ABX	Saline_Non_ABX	Grace	1	7A	1_7A	806rcbc6	GTCGTGTAGCCT	CCGGACTACHVGGGTWTCTAAT	ATGCTGCGTTCTTCATCGATGC	HEB114_Mouse
HEB24130	M504	504	D5	Intervention	Saline	Non_ABX	Saline_Non_ABX	Grace	1	7B	1_7B	806rcbc18	CATTATGGCGTG	CCGGACTACHVGGGTWTCTAAT	ATGCTGCGTTCTTCATCGATGC	HEB114_Mouse
HEB24131	M505	505	D5	Intervention	Saline	Non_ABX	Saline_Non_ABX	Grace	1	7C	1_7C	806rcbc30	AGATTGACCAAC	CCGGACTACHVGGGTWTCTAAT	ATGCTGCGTTCTTCATCGATGC	HEB114_Mouse
HEB24132	M506	506	D5	Intervention	Saline	Non_ABX	Saline_Non_ABX	Grace	1	7D	1_7D	806rcbc42	TTGGGTACACGT	CCGGACTACHVGGGTWTCTAAT	ATGCTGCGTTCTTCATCGATGC	HEB114_Mouse
HEB24133	M601	601	D5	Intervention	PGH	Non_ABX	PGH_Non_ABX	Grace	1	7E	1_7E	806rcbc54	GTCGACAGAGGA	CCGGACTACHVGGGTWTCTAAT	ATGCTGCGTTCTTCATCGATGC	HEB114_Mouse
HEB24134	M602	602	D5	Intervention	PGH	Non_ABX	PGH_Non_ABX	Grace	1	7F	1_7F	806rcbc66	CTCACCTAGGAA	CCGGACTACHVGGGTWTCTAAT	ATGCTGCGTTCTTCATCGATGC	HEB114_Mouse
HEB24135	M603	603	D5	Intervention	PGH	Non_ABX	PGH_Non_ABX	Grace	6	3A	6_3A	806rcbc482	CTATGCCGGCTA	CCGGACTACHVGGGTWTCTAAT	ATGCTGCGTTCTTCATCGATGC	HEB114_Mouse
HEB24136	M604	604	D5	Intervention	PGH	Non_ABX	PGH_Non_ABX	Grace	1	7H	1_7H	806rcbc90	ATGTCACCGCTG	CCGGACTACHVGGGTWTCTAAT	ATGCTGCGTTCTTCATCGATGC	HEB114_Mouse
HEB24137	M605	605	D5	Intervention	PGH	Non_ABX	PGH_Non_ABX	Grace	6	4A	6_4A	806rcbc483	GTGGTATGGGAG	CCGGACTACHVGGGTWTCTAAT	ATGCTGCGTTCTTCATCGATGC	HEB114_Mouse
HEB24138	M606	606	D5	Intervention	PGH	Non_ABX	PGH_Non_ABX	Grace	6	4B	6_4B	806rcbc495	ACGTGGTTCCAC	CCGGACTACHVGGGTWTCTAAT	ATGCTGCGTTCTTCATCGATGC	HEB114_Mouse
HEB24139	M701	701	D5	Intervention	PL	Non_ABX	PL_Non_ABX	Grace	6	4C	6_4C	806rcbc507	GAACCTATGACA	CCGGACTACHVGGGTWTCTAAT	ATGCTGCGTTCTTCATCGATGC	HEB114_Mouse
HEB24140	M702	702	D5	Intervention	PL	Non_ABX	PL_Non_ABX	Grace	6	4D	6_4D	806rcbc519	GGAGAGATCACG	CCGGACTACHVGGGTWTCTAAT	ATGCTGCGTTCTTCATCGATGC	HEB114_Mouse
HEB24141	M703	703	D5	Intervention	PL	Non_ABX	PL_Non_ABX	Grace	6	4E	6_4E	806rcbc531	TCTGTAGAGCCA	CCGGACTACHVGGGTWTCTAAT	ATGCTGCGTTCTTCATCGATGC	HEB114_Mouse
HEB24142	M704	704	D5	Intervention	PL	Non_ABX	PL_Non_ABX	Grace	6	4F	6_4F	806rcbc543	GGTACCTGCAAT	CCGGACTACHVGGGTWTCTAAT	ATGCTGCGTTCTTCATCGATGC	HEB114_Mouse
HEB24143	M705	705	D5	Intervention	PL	Non_ABX	PL_Non_ABX	Grace	6	9C	6_9C	806rcbc512	TAGAGCTGCCAT	CCGGACTACHVGGGTWTCTAAT	ATGCTGCGTTCTTCATCGATGC	HEB114_Mouse
HEB24144	M706	706	D5	Intervention	PL	Non_ABX	PL_Non_ABX	Grace	6	4H	6_4H	806rcbc567	AGTACGCAGTCT	CCGGACTACHVGGGTWTCTAAT	ATGCTGCGTTCTTCATCGATGC	HEB114_Mouse
HEB24145	M511	511	D5	Intervention	Saline	ABX	Saline_ABX	Grace	1	9A	1_9A	806rcbc8	ATCCTTTGGTTC	CCGGACTACHVGGGTWTCTAAT	ATGCTGCGTTCTTCATCGATGC	HEB114_Mouse
HEB24146	M512	512	D5	Intervention	Saline	ABX	Saline_ABX	Grace	1	9B	1_9B	806rcbc20	GATCTGCGATCC	CCGGACTACHVGGGTWTCTAAT	ATGCTGCGTTCTTCATCGATGC	HEB114_Mouse
HEB24147	M513	513	D5	Intervention	Saline	ABX	Saline_ABX	Grace	6	3B	6_3B	806rcbc494	CTTGGAGGCTTA	CCGGACTACHVGGGTWTCTAAT	ATGCTGCGTTCTTCATCGATGC	HEB114_Mouse
HEB24148	M514	514	D5	Intervention	Saline	ABX	Saline_ABX	Grace	6	3C	6_3C	806rcbc506	CGACACGGAGAA	CCGGACTACHVGGGTWTCTAAT	ATGCTGCGTTCTTCATCGATGC	HEB114_Mouse
HEB24149	M515	515	D5	Intervention	Saline	ABX	Saline_ABX	Grace	6	3D	6_3D	806rcbc518	AAGAGCAGAGCC	CCGGACTACHVGGGTWTCTAAT	ATGCTGCGTTCTTCATCGATGC	HEB114_Mouse
HEB24150	M516	516	D5	Intervention	Saline	ABX	Saline_ABX	Grace	1	9F	1_9F	806rcbc68	CCACAGATCGAT	CCGGACTACHVGGGTWTCTAAT	ATGCTGCGTTCTTCATCGATGC	HEB114_Mouse
HEB24151	M611	611	D5	Intervention	PGH	ABX	PGH_ABX	Grace	1	9G	1_9G	806rcbc80	TAGTATGCGCAA	CCGGACTACHVGGGTWTCTAAT	ATGCTGCGTTCTTCATCGATGC	HEB114_Mouse
HEB24152	M612	612	D5	Intervention	PGH	ABX	PGH_ABX	Grace	6	3E	6_3E	806rcbc530	ATCAGAGCCCAT	CCGGACTACHVGGGTWTCTAAT	ATGCTGCGTTCTTCATCGATGC	HEB114_Mouse
HEB24153	M613	613	D5	Intervention	PGH	ABX	PGH_ABX	Grace	1	10A	1_10A	806rcbc9	TACAGCGCATAC	CCGGACTACHVGGGTWTCTAAT	ATGCTGCGTTCTTCATCGATGC	HEB114_Mouse
HEB24154	M614	614	D5	Intervention	PGH	ABX	PGH_ABX	Grace	1	10B	1_10B	806rcbc21	CAGCTCATCAGC	CCGGACTACHVGGGTWTCTAAT	ATGCTGCGTTCTTCATCGATGC	HEB114_Mouse
HEB24155	M615	615	D5	Intervention	PGH	ABX	PGH_ABX	Grace	1	10C	1_10C	806rcbc33	CAACTCCCGTGA	CCGGACTACHVGGGTWTCTAAT	ATGCTGCGTTCTTCATCGATGC	HEB114_Mouse
HEB24156	M616	616	D5	Intervention	PGH	ABX	PGH_ABX	Grace	1	10D	1_10D	806rcbc45	TCGGAATTAGAC	CCGGACTACHVGGGTWTCTAAT	ATGCTGCGTTCTTCATCGATGC	HEB114_Mouse
HEB24157	M711	711	D5	Intervention	PL	ABX	PL_ABX	Grace	1	10E	1_10E	806rcbc57	TATACCGCTGCG	CCGGACTACHVGGGTWTCTAAT	ATGCTGCGTTCTTCATCGATGC	HEB114_Mouse
HEB24158	M712	712	D5	Intervention	PL	ABX	PL_ABX	Grace	1	10F	1_10F	806rcbc69	TATCGACACAAG	CCGGACTACHVGGGTWTCTAAT	ATGCTGCGTTCTTCATCGATGC	HEB114_Mouse
HEB24159	M713	713	D5	Intervention	PL	ABX	PL_ABX	Grace	1	10G	1_10G	806rcbc81	TGCGCTGAATGT	CCGGACTACHVGGGTWTCTAAT	ATGCTGCGTTCTTCATCGATGC	HEB114_Mouse
HEB24160	M714	714	D5	Intervention	PL	ABX	PL_ABX	Grace	1	10H	1_10H	806rcbc93	TGGAGTAGGTGG	CCGGACTACHVGGGTWTCTAAT	ATGCTGCGTTCTTCATCGATGC	HEB114_Mouse
HEB24161	M715	715	D5	Intervention	PL	ABX	PL_ABX	Grace	1	11A	1_11A	806rcbc10	ACCGGTATGTAC	CCGGACTACHVGGGTWTCTAAT	ATGCTGCGTTCTTCATCGATGC	HEB114_Mouse
HEB24162	M716	716	D5	Intervention	PL	ABX	PL_ABX	Grace	6	3F	6_3F	806rcbc542	TGTGTTACTCCT	CCGGACTACHVGGGTWTCTAAT	ATGCTGCGTTCTTCATCGATGC	HEB114_Mouse
HEB24163	M501	501	D8	Intervention	Saline	Non_ABX	Saline_Non_ABX	Grace	1	11C	1_11C	806rcbc34	TTGCGTTAGCAG	CCGGACTACHVGGGTWTCTAAT	ATGCTGCGTTCTTCATCGATGC	HEB114_Mouse
HEB24164	M502	502	D8	Intervention	Saline	Non_ABX	Saline_Non_ABX	Grace	1	11D	1_11D	806rcbc46	TGTGAATTCGGA	CCGGACTACHVGGGTWTCTAAT	ATGCTGCGTTCTTCATCGATGC	HEB114_Mouse
HEB24165	M503	503	D8	Intervention	Saline	Non_ABX	Saline_Non_ABX	Grace	1	11E	1_11E	806rcbc58	AGTTGAGGCATT	CCGGACTACHVGGGTWTCTAAT	ATGCTGCGTTCTTCATCGATGC	HEB114_Mouse
HEB24166	M504	504	D8	Intervention	Saline	Non_ABX	Saline_Non_ABX	Grace	1	11F	1_11F	806rcbc70	GATTCCGGCTCA	CCGGACTACHVGGGTWTCTAAT	ATGCTGCGTTCTTCATCGATGC	HEB114_Mouse
HEB24167	M505	505	D8	Intervention	Saline	Non_ABX	Saline_Non_ABX	Grace	1	11G	1_11G	806rcbc82	ATGGCTGTCAGT	CCGGACTACHVGGGTWTCTAAT	ATGCTGCGTTCTTCATCGATGC	HEB114_Mouse
HEB24168	M506	506	D8	Intervention	Saline	Non_ABX	Saline_Non_ABX	Grace	6	3G	6_3G	806rcbc554	TCCGTCATGGGT	CCGGACTACHVGGGTWTCTAAT	ATGCTGCGTTCTTCATCGATGC	HEB114_Mouse
HEB24169	M601	601	D8	Intervention	PGH	Non_ABX	PGH_Non_ABX	Grace	1	12A	1_12A	806rcbc11	AATTGTGTCGGA	CCGGACTACHVGGGTWTCTAAT	ATGCTGCGTTCTTCATCGATGC	HEB114_Mouse
HEB24170	M602	602	D8	Intervention	PGH	Non_ABX	PGH_Non_ABX	Grace	1	12B	1_12B	806rcbc23	GCAACACCATCC	CCGGACTACHVGGGTWTCTAAT	ATGCTGCGTTCTTCATCGATGC	HEB114_Mouse
HEB24171	M603	603	D8	Intervention	PGH	Non_ABX	PGH_Non_ABX	Grace	1	12C	1_12C	806rcbc35	TACGAGCCCTAA	CCGGACTACHVGGGTWTCTAAT	ATGCTGCGTTCTTCATCGATGC	HEB114_Mouse
HEB24172	M604	604	D8	Intervention	PGH	Non_ABX	PGH_Non_ABX	Grace	1	12D	1_12D	806rcbc47	CATTCGTGGCGT	CCGGACTACHVGGGTWTCTAAT	ATGCTGCGTTCTTCATCGATGC	HEB114_Mouse
HEB24173	M605	605	D8	Intervention	PGH	Non_ABX	PGH_Non_ABX	Grace	6	3H	6_3H	806rcbc566	GTCAATTAGTGG	CCGGACTACHVGGGTWTCTAAT	ATGCTGCGTTCTTCATCGATGC	HEB114_Mouse
HEB24174	M606	606	D8	Intervention	PGH	Non_ABX	PGH_Non_ABX	Grace	1	12F	1_12F	806rcbc71	CGTAATTGCCGC	CCGGACTACHVGGGTWTCTAAT	ATGCTGCGTTCTTCATCGATGC	HEB114_Mouse
HEB24175	M701	701	D8	Intervention	PL	Non_ABX	PL_Non_ABX	Grace	1	12G	1_12G	806rcbc83	GTTCTCTTCTCG	CCGGACTACHVGGGTWTCTAAT	ATGCTGCGTTCTTCATCGATGC	HEB114_Mouse
HEB24176	M702	702	D8	Intervention	PL	Non_ABX	PL_Non_ABX	Grace	1	12H	1_12H	806rcbc95	GATCCCACGTAC	CCGGACTACHVGGGTWTCTAAT	ATGCTGCGTTCTTCATCGATGC	HEB114_Mouse
HEB24177	M703	703	D8	Intervention	PL	Non_ABX	PL_Non_ABX	Grace	6	5A	6_5A	806rcbc484	TGTACCAACCGA	CCGGACTACHVGGGTWTCTAAT	ATGCTGCGTTCTTCATCGATGC	HEB114_Mouse
HEB24178	M704	704	D8	Intervention	PL	Non_ABX	PL_Non_ABX	Grace	6	5B	6_5B	806rcbc496	GACGCTTTGCTG	CCGGACTACHVGGGTWTCTAAT	ATGCTGCGTTCTTCATCGATGC	HEB114_Mouse
HEB24179	M705	705	D8	Intervention	PL	Non_ABX	PL_Non_ABX	Grace	6	5C	6_5C	806rcbc508	ATGCCGGTAATA	CCGGACTACHVGGGTWTCTAAT	ATGCTGCGTTCTTCATCGATGC	HEB114_Mouse
HEB24180	M706	706	D8	Intervention	PL	Non_ABX	PL_Non_ABX	Grace	6	5D	6_5D	806rcbc520	TCAACCCGTGAA	CCGGACTACHVGGGTWTCTAAT	ATGCTGCGTTCTTCATCGATGC	HEB114_Mouse
HEB24181	M511	511	D8	Intervention	Saline	ABX	Saline_ABX	Grace	6	5E	6_5E	806rcbc532	CCGACTCTAGGT	CCGGACTACHVGGGTWTCTAAT	ATGCTGCGTTCTTCATCGATGC	HEB114_Mouse
HEB24182	M512	512	D8	Intervention	Saline	ABX	Saline_ABX	Grace	6	5F	6_5F	806rcbc544	TCGCCTATAAGG	CCGGACTACHVGGGTWTCTAAT	ATGCTGCGTTCTTCATCGATGC	HEB114_Mouse
HEB24183	M513	513	D8	Intervention	Saline	ABX	Saline_ABX	Grace	6	7G	6_7G	806rcbc558	GCGAGTTCCTGT	CCGGACTACHVGGGTWTCTAAT	ATGCTGCGTTCTTCATCGATGC	HEB114_Mouse
HEB24184	M514	514	D8	Intervention	Saline	ABX	Saline_ABX	Grace	6	7H	6_7H	806rcbc570	TTCCCGAAACGA	CCGGACTACHVGGGTWTCTAAT	ATGCTGCGTTCTTCATCGATGC	HEB114_Mouse
HEB24185	M515	515	D8	Intervention	Saline	ABX	Saline_ABX	Grace	6	2A	6_2A	806rcbc481	TGACGTAGAACT	CCGGACTACHVGGGTWTCTAAT	ATGCTGCGTTCTTCATCGATGC	HEB114_Mouse
HEB24186	M516	516	D8	Intervention	Saline	ABX	Saline_ABX	Grace	6	2B	6_2B	806rcbc493	CACGACTTGACA	CCGGACTACHVGGGTWTCTAAT	ATGCTGCGTTCTTCATCGATGC	HEB114_Mouse
HEB24187	M611	611	D8	Intervention	PGH	ABX	PGH_ABX	Grace	6	2C	6_2C	806rcbc505	CCATCACATAGG	CCGGACTACHVGGGTWTCTAAT	ATGCTGCGTTCTTCATCGATGC	HEB114_Mouse
HEB24188	M612	612	D8	Intervention	PGH	ABX	PGH_ABX	Grace	6	2D	6_2D	806rcbc517	GGCTAAACTATG	CCGGACTACHVGGGTWTCTAAT	ATGCTGCGTTCTTCATCGATGC	HEB114_Mouse
HEB24189	M613	613	D8	Intervention	PGH	ABX	PGH_ABX	Grace	6	2E	6_2E	806rcbc529	CAACGCTAGAAT	CCGGACTACHVGGGTWTCTAAT	ATGCTGCGTTCTTCATCGATGC	HEB114_Mouse
HEB24190	M614	614	D8	Intervention	PGH	ABX	PGH_ABX	Grace	6	2F	6_2F	806rcbc541	CATAAGGGAGGC	CCGGACTACHVGGGTWTCTAAT	ATGCTGCGTTCTTCATCGATGC	HEB114_Mouse
HEB24191	M615	615	D8	Intervention	PGH	ABX	PGH_ABX	Grace	6	7E	6_7E	806rcbc534	GACAACGAATCT	CCGGACTACHVGGGTWTCTAAT	ATGCTGCGTTCTTCATCGATGC	HEB114_Mouse
HEB24192	M616	616	D8	Intervention	PGH	ABX	PGH_ABX	Grace	6	7F	6_7F	806rcbc546	TAACCCGATAGA	CCGGACTACHVGGGTWTCTAAT	ATGCTGCGTTCTTCATCGATGC	HEB114_Mouse
HEB24193	M711	711	D8	Intervention	PL	ABX	PL_ABX	Grace	6	6A	6_6A	806rcbc485	AGGGTACAGGGT	CCGGACTACHVGGGTWTCTAAT	ATGCTGCGTTCTTCATCGATGC	HEB114_Mouse
HEB24194	M712	712	D8	Intervention	PL	ABX	PL_ABX	Grace	6	6B	6_6B	806rcbc497	ACAGGGTTTGTA	CCGGACTACHVGGGTWTCTAAT	ATGCTGCGTTCTTCATCGATGC	HEB114_Mouse
HEB24195	M713	713	D8	Intervention	PL	ABX	PL_ABX	Grace	6	6C	6_6C	806rcbc509	GAACAGCTCTAC	CCGGACTACHVGGGTWTCTAAT	ATGCTGCGTTCTTCATCGATGC	HEB114_Mouse
HEB24196	M714	714	D8	Intervention	PL	ABX	PL_ABX	Grace	6	6D	6_6D	806rcbc521	GTTTGAAACACG	CCGGACTACHVGGGTWTCTAAT	ATGCTGCGTTCTTCATCGATGC	HEB114_Mouse
HEB24197	M715	715	D8	Intervention	PL	ABX	PL_ABX	Grace	6	6E	6_6E	806rcbc533	ATCCTACGAGCA	CCGGACTACHVGGGTWTCTAAT	ATGCTGCGTTCTTCATCGATGC	HEB114_Mouse
HEB24198	M716	716	D8	Intervention	PL	ABX	PL_ABX	Grace	6	6F	6_6F	806rcbc545	AGTGGCACTATC	CCGGACTACHVGGGTWTCTAAT	ATGCTGCGTTCTTCATCGATGC	HEB114_Mouse
HEB24199	MSHA052	StudentA	10/2/24	NA	NA	NA	NA	Emily	3	10A	3_10A	806rcbc201	CGACTCTAAACG	CCGGACTACHVGGGTWTCTAAT	ATGCTGCGTTCTTCATCGATGC	HEB114_Human
HEB24200	POO1	StudentB	NA	NA	NA	NA	NA	Emily	3	10B	3_10B	806rcbc213	AAGACAGCTATC	CCGGACTACHVGGGTWTCTAAT	ATGCTGCGTTCTTCATCGATGC	HEB114_Human
HEB24201	FRA1	StudentC	9/30/24	NA	NA	NA	NA	Emily	6	9B	6_9B	806rcbc500	ATCGCTTAAGGC	CCGGACTACHVGGGTWTCTAAT	ATGCTGCGTTCTTCATCGATGC	HEB114_Human
HEB24202	FRA2	StudentC	10/1/24	NA	NA	NA	NA	Emily	6	8E	6_8E	806rcbc535	TGCGGTTGACTC	CCGGACTACHVGGGTWTCTAAT	ATGCTGCGTTCTTCATCGATGC	HEB114_Human
HEB24203	PPY1	StudentD	10/6/24	NA	NA	NA	NA	Emily	6	8F	6_8F	806rcbc547	GTGTGCTAACGT	CCGGACTACHVGGGTWTCTAAT	ATGCTGCGTTCTTCATCGATGC	HEB114_Human
HEB24204	B4R	StudentE	NA	NA	NA	NA	NA	Emily	3	10F	3_10F	806rcbc261	GGTCTCCTACAG	CCGGACTACHVGGGTWTCTAAT	ATGCTGCGTTCTTCATCGATGC	HEB114_Human
HEB24205	B4A	StudentE	NA	NA	NA	NA	NA	Emily	3	10G	3_10G	806rcbc273	ATAGCGAACTCA	CCGGACTACHVGGGTWTCTAAT	ATGCTGCGTTCTTCATCGATGC	HEB114_Human
HEB24206	5G9595	StudentF	10/6/24	NA	NA	NA	NA	Emily	3	10H	3_10H	806rcbc285	CTTGAGAAATCG	CCGGACTACHVGGGTWTCTAAT	ATGCTGCGTTCTTCATCGATGC	HEB114_Human
HEB24207	FSEM	StudentG	NA	NA	NA	NA	NA	Emily	3	11A	3_11A	806rcbc202	GTCTTCAGCAAG	CCGGACTACHVGGGTWTCTAAT	ATGCTGCGTTCTTCATCGATGC	HEB114_Human
HEB24208	S7237	StudentH	NA	NA	NA	NA	NA	Emily	3	11B	3_11B	806rcbc214	ATTGACCGGTCA	CCGGACTACHVGGGTWTCTAAT	ATGCTGCGTTCTTCATCGATGC	HEB114_Human
HEB24209	H1-N	StudentI	10/2/24	NA	NA	NA	NA	Emily	3	11C	3_11C	806rcbc226	GGAATCCGATTA	CCGGACTACHVGGGTWTCTAAT	ATGCTGCGTTCTTCATCGATGC	HEB114_Human
HEB24210	H2-H	StudentI	10/4/24	NA	NA	NA	NA	Emily	3	11D	3_11D	806rcbc238	AGACAGTAGGAG	CCGGACTACHVGGGTWTCTAAT	ATGCTGCGTTCTTCATCGATGC	HEB114_Human
HEB24211	H3-U	StudentI	10/5/24	NA	NA	NA	NA	Emily	3	11E	3_11E	806rcbc250	AGCTGCACCTAA	CCGGACTACHVGGGTWTCTAAT	ATGCTGCGTTCTTCATCGATGC	HEB114_Human
HEB24212	N1-N	StudentI	10/3/24	NA	NA	NA	NA	Emily	3	11F	3_11F	806rcbc262	ACTGACTTAAGG	CCGGACTACHVGGGTWTCTAAT	ATGCTGCGTTCTTCATCGATGC	HEB114_Human
HEB24213	N2-L	StudentI	10/6/24	NA	NA	NA	NA	Emily	3	11G	3_11G	806rcbc274	TAACGCTGTGTG	CCGGACTACHVGGGTWTCTAAT	ATGCTGCGTTCTTCATCGATGC	HEB114_Human
HEB24214	NO1	StudentJ	NA	NA	NA	NA	NA	Emily	6	8G	6_8G	806rcbc559	TTCCGAATCGGC	CCGGACTACHVGGGTWTCTAAT	ATGCTGCGTTCTTCATCGATGC	HEB114_Human
HEB24215	NO2	StudentJ	NA	NA	NA	NA	NA	Emily	3	12A	3_12A	806rcbc203	CGGATAACCTCC	CCGGACTACHVGGGTWTCTAAT	ATGCTGCGTTCTTCATCGATGC	HEB114_Human
HEB24217	S1-1	StudentK	NA	NA	NA	NA	NA	Emily	3	12C	3_12C	806rcbc227	CACCCGATGGTT	CCGGACTACHVGGGTWTCTAAT	ATGCTGCGTTCTTCATCGATGC	HEB114_Human
HEB24218	S3-2	StudentK	NA	NA	NA	NA	NA	Emily	3	12D	3_12D	806rcbc239	GCCACGACTTAC	CCGGACTACHVGGGTWTCTAAT	ATGCTGCGTTCTTCATCGATGC	HEB114_Human
HEB24219	S4-3	StudentK	NA	NA	NA	NA	NA	Emily	3	12E	3_12E	806rcbc251	CCTTGACCGATG	CCGGACTACHVGGGTWTCTAAT	ATGCTGCGTTCTTCATCGATGC	HEB114_Human
HEB24220	S5-4	StudentK	NA	NA	NA	NA	NA	Emily	3	12F	3_12F	806rcbc263	GATGCTGCCGTT	CCGGACTACHVGGGTWTCTAAT	ATGCTGCGTTCTTCATCGATGC	HEB114_Human